"Target Name","RA V1 Axis","Dec V1 Axis","DATE-OBS","EXPTIME","SUN_ALT","SUNANGLE","MDRIZSKY","ORIENTAT","FILTER1","FILTER2","PHOTPLAM","PHOTMODE","PHOTFLAM","PHOTZPT","PHOTBW","Data Start Time","Data End Time"
"TUNGSTEN","150.1235904496","2.332594254324","2003-10-16 11:59:54","0.6934","-23.677811","51.873287"," ","-82.6709","F555W","F435W","0"," ","0","0","0","2003-10-16 11:59:54","2003-10-16 11:59:54"
"TUNGSTEN","150.1235904496","2.332594254324","2003-10-16 11:59:54","0.6934","-23.677811","51.873287"," ","-82.23390000000001","F555W","F435W","0"," ","0","0","0","2003-10-16 11:59:54","2003-10-16 11:59:54"
"TUNGSTEN","150.1235904496","2.332594254324","2003-10-16 12:11:38","0.6934","-45.394268","51.882122"," ","-82.6709","F555W","F435W","0"," ","0","0","0","2003-10-16 12:11:38","2003-10-16 12:11:38"
"TUNGSTEN","150.1235904496","2.332594254324","2003-10-16 12:11:38","0.6934","-45.394268","51.882122"," ","-82.23390000000001","F555W","F435W","0"," ","0","0","0","2003-10-16 12:11:38","2003-10-16 12:11:38"
"TUNGSTEN","150.1261248928","2.332294744744","2003-10-16 16:43:21","1.2","-7.858426","52.061821"," ","-82.6708","F555W","F435W","0"," ","0","0","0","2003-10-16 16:43:21","2003-10-16 16:43:22"
"TUNGSTEN","150.1261248928","2.332294744744","2003-10-16 16:43:21","1.2","-7.858426","52.061821"," ","-82.2338","F555W","F435W","0"," ","0","0","0","2003-10-16 16:43:21","2003-10-16 16:43:22"
"TUNGSTEN","150.1261248928","2.332294744744","2003-10-16 16:55:06","1.2","-46.477695","52.070663"," ","-82.6708","F555W","F435W","0"," ","0","0","0","2003-10-16 16:55:06","2003-10-16 16:55:07"
"TUNGSTEN","150.1261248928","2.332294744744","2003-10-16 16:55:06","1.2","-46.477695","52.070663"," ","-82.2338","F555W","F435W","0"," ","0","0","0","2003-10-16 16:55:06","2003-10-16 16:55:07"
"TUNGSTEN","150.1143425576","2.280208169357","2003-10-17 15:12:45","2.1","-24.843386","52.971439"," ","-82.6709","CLEAR1L","F435W","0"," ","0","0","0","2003-10-17 15:12:45","2003-10-17 15:12:48"
"TUNGSTEN","150.1143425576","2.280208169357","2003-10-17 15:12:45","2.1","-24.843386","52.971439"," ","-82.23390000000001","CLEAR1L","F435W","0"," ","0","0","0","2003-10-17 15:12:45","2003-10-17 15:12:48"
"TUNGSTEN","150.1168769071","2.279908657513","2003-10-17 18:32:31","4.5","-47.649029","53.10397"," ","-82.6708","F555W","F435W","0"," ","0","0","0","2003-10-17 18:32:31","2003-10-17 18:32:37"
"TUNGSTEN","150.1168769071","2.279908657513","2003-10-17 18:32:31","4.5","-47.649029","53.10397"," ","-82.2338","F555W","F435W","0"," ","0","0","0","2003-10-17 18:32:31","2003-10-17 18:32:37"
"TUNGSTEN","150.1076288755","2.22752257028","2003-10-18 00:44:08","0.5079","-8.294896","53.351353"," ","-82.6707","F555W","F435W","0"," ","0","0","0","2003-10-18 00:44:08","2003-10-18 00:44:08"
"TUNGSTEN","150.1076288755","2.22752257028","2003-10-18 00:44:08","0.5079","-8.294896","53.351353"," ","-82.23390000000001","F555W","F435W","0"," ","0","0","0","2003-10-18 00:44:08","2003-10-18 00:44:08"
"TUNGSTEN","150.1076288755","2.22752257028","2003-10-18 00:55:40","0.5079","-48.051147","53.360062"," ","-82.6707","F555W","F435W","0"," ","0","0","0","2003-10-18 00:55:40","2003-10-18 00:55:40"
"TUNGSTEN","150.1076288755","2.22752257028","2003-10-18 00:55:40","0.5079","-48.051147","53.360062"," ","-82.23390000000001","F555W","F435W","0"," ","0","0","0","2003-10-18 00:55:40","2003-10-18 00:55:40"
"TUNGSTEN","150.0737078661","2.341533629421","2003-10-18 02:19:57","0.6934","-7.541025","53.475552"," ","-82.6708","F555W","F435W","0"," ","0","0","0","2003-10-18 02:19:57","2003-10-18 02:19:57"
"TUNGSTEN","150.0737078661","2.341533629421","2003-10-18 02:19:57","0.6934","-7.541025","53.475552"," ","-82.2338","F555W","F435W","0"," ","0","0","0","2003-10-18 02:19:57","2003-10-18 02:19:57"
"TUNGSTEN","150.0737078661","2.341533629421","2003-10-18 02:31:29","0.6934","-47.781628","53.484264"," ","-82.6708","F555W","F435W","0"," ","0","0","0","2003-10-18 02:31:29","2003-10-18 02:31:29"
"TUNGSTEN","150.0737078661","2.341533629421","2003-10-18 02:31:29","0.6934","-47.781628","53.484264"," ","-82.2338","F555W","F435W","0"," ","0","0","0","2003-10-18 02:31:29","2003-10-18 02:31:29"
"TUNGSTEN","150.0737078661","2.341533629421","2003-10-18 03:41:13","1.2","45.288345","53.530441"," ","-82.6708","F555W","F435W","0"," ","0","0","0","2003-10-18 03:41:13","2003-10-18 03:41:14"
"TUNGSTEN","150.0737078661","2.341533629421","2003-10-18 03:41:13","1.2","45.288345","53.530441"," ","-82.2338","F555W","F435W","0"," ","0","0","0","2003-10-18 03:41:13","2003-10-18 03:41:14"
"TUNGSTEN","150.0737078661","2.341533629421","2003-10-18 03:52:46","1.2","-1.039915","53.539165"," ","-82.6708","F555W","F435W","0"," ","0","0","0","2003-10-18 03:52:46","2003-10-18 03:52:47"
"TUNGSTEN","150.0737078661","2.341533629421","2003-10-18 03:52:46","1.2","-1.039915","53.539165"," ","-82.2338","F555W","F435W","0"," ","0","0","0","2003-10-18 03:52:46","2003-10-18 03:52:47"
"TUNGSTEN","150.0644598885","2.28914754219","2003-10-18 16:25:39","0.6934","59.090042","54.043472"," ","-82.6708","CLEAR1L","F435W","0"," ","0","0","0","2003-10-18 16:25:39","2003-10-18 16:25:41"
"TUNGSTEN","150.0644598885","2.28914754219","2003-10-18 16:25:39","0.6934","59.090042","54.043472"," ","-82.23390000000001","CLEAR1L","F435W","0"," ","0","0","0","2003-10-18 16:25:39","2003-10-18 16:25:41"
"TUNGSTEN","150.0644598885","2.28914754219","2003-10-18 16:37:11","1","12.672578","54.052189"," ","-82.6708","CLEAR1L","F435W","0"," ","0","0","0","2003-10-18 16:37:11","2003-10-18 16:37:13"
"TUNGSTEN","150.0644598885","2.28914754219","2003-10-18 16:37:11","1","12.672578","54.052189"," ","-82.23390000000001","CLEAR1L","F435W","0"," ","0","0","0","2003-10-18 16:37:11","2003-10-18 16:37:13"
"TUNGSTEN","150.0212908381","2.350769736322","2003-10-18 22:39:57","2.1","91.84200300000001","54.352867"," ","-82.6708","CLEAR1L","F435W","0"," ","0","0","0","2003-10-18 22:39:57","2003-10-18 22:40:00"
"TUNGSTEN","150.0212908381","2.350769736322","2003-10-18 22:39:57","2.1","91.84200300000001","54.352867"," ","-82.2338","CLEAR1L","F435W","0"," ","0","0","0","2003-10-18 22:39:57","2003-10-18 22:40:00"
"TUNGSTEN","150.0212908381","2.350769736322","2003-10-18 23:19:16","4.5","-45.467354","54.379704"," ","-82.6708","F555W","F435W","0"," ","0","0","0","2003-10-18 23:19:16","2003-10-18 23:19:22"
"TUNGSTEN","150.0212908381","2.350769736322","2003-10-18 23:19:16","4.5","-45.467354","54.379704"," ","-82.2338","F555W","F435W","0"," ","0","0","0","2003-10-18 23:19:16","2003-10-18 23:19:22"
"TUNGSTEN","150.0212908381","2.350769736322","2003-10-19 00:44:34","0.5079","-8.400930000000001","54.437103"," ","-82.6708","F555W","F435W","0"," ","0","0","0","2003-10-19 00:44:34","2003-10-19 00:44:34"
"TUNGSTEN","150.0212908381","2.350769736322","2003-10-19 00:44:34","0.5079","-8.400930000000001","54.437103"," ","-82.2338","F555W","F435W","0"," ","0","0","0","2003-10-19 00:44:34","2003-10-19 00:44:34"
"TUNGSTEN","150.0212908381","2.350769736322","2003-10-19 00:56:06","0.5079","-49.713226","54.44582"," ","-82.6708","F555W","F435W","0"," ","0","0","0","2003-10-19 00:56:06","2003-10-19 00:56:06"
"TUNGSTEN","150.0212908381","2.350769736322","2003-10-19 00:56:06","0.5079","-49.713226","54.44582"," ","-82.2338","F555W","F435W","0"," ","0","0","0","2003-10-19 00:56:06","2003-10-19 00:56:06"
"ANY","150.2020187703","2.306721826565","2018-02-21 05:07:16","1143","18.82226","170.725555","30.2495002746582","7.34903","CLEAR1L","F435W","4329.1875","ACS WFC1 F435W MJD#58170.2134","3.1515757e-19","-21.1","298.98666","2018-02-21 05:07:16","2018-02-21 05:26:19"
"ANY","150.2020187703","2.306721826565","2018-02-21 05:07:16","1143","18.82226","170.725555","30.2495002746582","7.7774","CLEAR1L","F435W","4329.1875","ACS WFC1 F435W MJD#58170.2134","3.1515757e-19","-21.1","298.98666","2018-02-21 05:07:16","2018-02-21 05:26:19"
"ANY","150.2020187703","2.306721826565","2018-02-21 05:28:37","1143","-54.505981","170.724167","29.35526275634765","7.34903","CLEAR1L","F435W","4329.1875","ACS WFC1 F435W MJD#58170.2282","3.1515757e-19","-21.1","298.98666","2018-02-21 05:28:37","2018-02-21 05:47:40"
"ANY","150.2020187703","2.306721826565","2018-02-21 05:28:37","1143","-54.505981","170.724167","29.35526275634765","7.7774","CLEAR1L","F435W","4329.1875","ACS WFC1 F435W MJD#58170.2282","3.1515757e-19","-21.1","298.98666","2018-02-21 05:28:37","2018-02-21 05:47:40"
"ANY","150.2020187703","2.306721826565","2018-02-21 06:39:24","1240","25.648485","170.719894","32.9384765625","7.34903","CLEAR1L","F435W","4329.1875","ACS WFC1 F435W MJD#58170.2774","3.151576e-19","-21.1","298.98666","2018-02-21 06:39:24","2018-02-21 07:00:04"
"ANY","150.2020187703","2.306721826565","2018-02-21 06:39:24","1240","25.648485","170.719894","32.9384765625","7.7774","CLEAR1L","F435W","4329.1875","ACS WFC1 F435W MJD#58170.2774","3.151576e-19","-21.1","298.98666","2018-02-21 06:39:24","2018-02-21 07:00:04"
"ANY","150.2020187703","2.306721826565","2018-02-21 07:02:22","1240","-53.296795","170.718399","31.92827606201172","7.34903","CLEAR1L","F435W","4329.1875","ACS WFC1 F435W MJD#58170.2933","3.1515762e-19","-21.1","298.98666","2018-02-21 07:02:22","2018-02-21 07:23:02"
"ANY","150.2020187703","2.306721826565","2018-02-21 07:02:22","1240","-53.296795","170.718399","31.92827606201172","7.7774","CLEAR1L","F435W","4329.1875","ACS WFC1 F435W MJD#58170.2933","3.1515762e-19","-21.1","298.98666","2018-02-21 07:02:22","2018-02-21 07:23:02"
"ANY","150.2020187703","2.306721826565","2018-02-21 08:14:45","1240","25.66416","170.713577","33.08320236206055","7.34903","CLEAR1L","F435W","4329.1875","ACS WFC1 F435W MJD#58170.3436","3.1515765e-19","-21.1","298.98666","2018-02-21 08:14:45","2018-02-21 08:35:25"
"ANY","150.2020187703","2.306721826565","2018-02-21 08:14:45","1240","25.66416","170.713577","33.08320236206055","7.7774","CLEAR1L","F435W","4329.1875","ACS WFC1 F435W MJD#58170.3436","3.1515765e-19","-21.1","298.98666","2018-02-21 08:14:45","2018-02-21 08:35:25"
"ANY","150.2020187703","2.306721826565","2018-02-21 08:37:43","1240","-53.521721","170.71196","32.12679290771484","7.34903","CLEAR1L","F435W","4329.1875","ACS WFC1 F435W MJD#58170.3595","3.1515765e-19","-21.1","298.98666","2018-02-21 08:37:43","2018-02-21 08:58:23"
"ANY","150.2020187703","2.306721826565","2018-02-21 08:37:43","1240","-53.521721","170.71196","32.12679290771484","7.7774","CLEAR1L","F435W","4329.1875","ACS WFC1 F435W MJD#58170.3595","3.1515765e-19","-21.1","298.98666","2018-02-21 08:37:43","2018-02-21 08:58:23"
"ANY","150.2020187703","2.306721826565","2018-02-21 09:50:05","1240","25.740932","170.706497","33.06157302856445","7.34903","CLEAR1L","F435W","4329.1875","ACS WFC1 F435W MJD#58170.4098","3.1515767e-19","-21.1","298.98666","2018-02-21 09:50:05","2018-02-21 10:10:45"
"ANY","150.2020187703","2.306721826565","2018-02-21 09:50:05","1240","25.740932","170.706497","33.06157302856445","7.7774","CLEAR1L","F435W","4329.1875","ACS WFC1 F435W MJD#58170.4098","3.1515767e-19","-21.1","298.98666","2018-02-21 09:50:05","2018-02-21 10:10:45"
"ANY","150.2020187703","2.306721826565","2018-02-21 10:13:03","1240","-53.716545","170.704758","32.13851165771484","7.34903","CLEAR1L","F435W","4329.1875","ACS WFC1 F435W MJD#58170.4257","3.1515769999999997e-19","-21.1","298.98666","2018-02-21 10:13:03","2018-02-21 10:33:43"
"ANY","150.2020187703","2.306721826565","2018-02-21 10:13:03","1240","-53.716545","170.704758","32.13851165771484","7.7774","CLEAR1L","F435W","4329.1875","ACS WFC1 F435W MJD#58170.4257","3.1515769999999997e-19","-21.1","298.98666","2018-02-21 10:13:03","2018-02-21 10:33:43"
"ANY","150.2020187703","2.306721826565","2018-02-21 05:07:16","1143","18.82226","170.725555","30.2495002746582","7.34903","CLEAR1L","F435W","4329.1875","ACS WFC1 F435W MJD#58170.2134","3.1515757e-19","-21.1","298.98666","2018-02-21 05:07:16","2018-02-21 05:26:19"
"ANY","150.2020187703","2.306721826565","2018-02-21 05:07:16","1143","18.82226","170.725555","30.2495002746582","7.7774","CLEAR1L","F435W","4329.1875","ACS WFC1 F435W MJD#58170.2134","3.1515757e-19","-21.1","298.98666","2018-02-21 05:07:16","2018-02-21 05:26:19"
"ANY","150.2020187703","2.306721826565","2018-02-21 05:28:37","1143","-54.505981","170.724167","29.35526275634765","7.34903","CLEAR1L","F435W","4329.1875","ACS WFC1 F435W MJD#58170.2282","3.1515757e-19","-21.1","298.98666","2018-02-21 05:28:37","2018-02-21 05:47:40"
"ANY","150.2020187703","2.306721826565","2018-02-21 05:28:37","1143","-54.505981","170.724167","29.35526275634765","7.7774","CLEAR1L","F435W","4329.1875","ACS WFC1 F435W MJD#58170.2282","3.1515757e-19","-21.1","298.98666","2018-02-21 05:28:37","2018-02-21 05:47:40"
"ANY","150.2019714193","2.306957401204","2018-02-21 06:39:24","1240","25.648485","170.719894","32.9384765625","7.34903","CLEAR1L","F435W","4329.1875","ACS WFC1 F435W MJD#58170.2774","3.151576e-19","-21.1","298.98666","2018-02-21 06:39:24","2018-02-21 07:00:04"
"ANY","150.2019714193","2.306957401204","2018-02-21 06:39:24","1240","25.648485","170.719894","32.9384765625","7.7774","CLEAR1L","F435W","4329.1875","ACS WFC1 F435W MJD#58170.2774","3.151576e-19","-21.1","298.98666","2018-02-21 06:39:24","2018-02-21 07:00:04"
"ANY","150.2019714193","2.306957401204","2018-02-21 07:02:22","1240","-53.296795","170.718399","31.92827606201172","7.34903","CLEAR1L","F435W","4329.1875","ACS WFC1 F435W MJD#58170.2933","3.1515762e-19","-21.1","298.98666","2018-02-21 07:02:22","2018-02-21 07:23:02"
"ANY","150.2019714193","2.306957401204","2018-02-21 07:02:22","1240","-53.296795","170.718399","31.92827606201172","7.7774","CLEAR1L","F435W","4329.1875","ACS WFC1 F435W MJD#58170.2933","3.1515762e-19","-21.1","298.98666","2018-02-21 07:02:22","2018-02-21 07:23:02"
"ANY","150.2021268671","2.306965923722","2018-02-21 08:14:45","1240","25.66416","170.713577","33.08320236206055","7.34903","CLEAR1L","F435W","4329.1875","ACS WFC1 F435W MJD#58170.3436","3.1515765e-19","-21.1","298.98666","2018-02-21 08:14:45","2018-02-21 08:35:25"
"ANY","150.2021268671","2.306965923722","2018-02-21 08:14:45","1240","25.66416","170.713577","33.08320236206055","7.7774","CLEAR1L","F435W","4329.1875","ACS WFC1 F435W MJD#58170.3436","3.1515765e-19","-21.1","298.98666","2018-02-21 08:14:45","2018-02-21 08:35:25"
"ANY","150.2021268671","2.306965923722","2018-02-21 08:37:43","1240","-53.521721","170.71196","32.12679290771484","7.34903","CLEAR1L","F435W","4329.1875","ACS WFC1 F435W MJD#58170.3595","3.1515765e-19","-21.1","298.98666","2018-02-21 08:37:43","2018-02-21 08:58:23"
"ANY","150.2021268671","2.306965923722","2018-02-21 08:37:43","1240","-53.521721","170.71196","32.12679290771484","7.7774","CLEAR1L","F435W","4329.1875","ACS WFC1 F435W MJD#58170.3595","3.1515765e-19","-21.1","298.98666","2018-02-21 08:37:43","2018-02-21 08:58:23"
"ANY","150.2021742165","2.306730351346","2018-02-21 09:50:05","1240","25.740932","170.706497","33.06157302856445","7.34903","CLEAR1L","F435W","4329.1875","ACS WFC1 F435W MJD#58170.4098","3.1515767e-19","-21.1","298.98666","2018-02-21 09:50:05","2018-02-21 10:10:45"
"ANY","150.2021742165","2.306730351346","2018-02-21 09:50:05","1240","25.740932","170.706497","33.06157302856445","7.7774","CLEAR1L","F435W","4329.1875","ACS WFC1 F435W MJD#58170.4098","3.1515767e-19","-21.1","298.98666","2018-02-21 09:50:05","2018-02-21 10:10:45"
"ANY","150.2021742165","2.306730351346","2018-02-21 10:13:03","1240","-53.716545","170.704758","32.13851165771484","7.34903","CLEAR1L","F435W","4329.1875","ACS WFC1 F435W MJD#58170.4257","3.1515769999999997e-19","-21.1","298.98666","2018-02-21 10:13:03","2018-02-21 10:33:43"
"ANY","150.2021742165","2.306730351346","2018-02-21 10:13:03","1240","-53.716545","170.704758","32.13851165771484","7.7774","CLEAR1L","F435W","4329.1875","ACS WFC1 F435W MJD#58170.4257","3.1515769999999997e-19","-21.1","298.98666","2018-02-21 10:13:03","2018-02-21 10:33:43"
"ANY","150.2022518031","2.306984377792","2018-02-21 11:25:26","1240","25.75581","170.699387","33.12597274780273","7.34903","CLEAR1L","F435W","4329.1875","ACS WFC1 F435W MJD#58170.4760","3.1515773e-19","-21.1","298.98666","2018-02-21 11:25:26","2018-02-21 11:46:06"
"ANY","150.2022518031","2.306984377792","2018-02-21 11:25:26","1240","25.75581","170.699387","33.12597274780273","7.7774","CLEAR1L","F435W","4329.1875","ACS WFC1 F435W MJD#58170.4760","3.1515773e-19","-21.1","298.98666","2018-02-21 11:25:26","2018-02-21 11:46:06"
"ANY","150.2022518031","2.306984377792","2018-02-21 11:48:24","1240","-53.938774","170.697556","31.89888191223144","7.34903","CLEAR1L","F435W","4329.1875","ACS WFC1 F435W MJD#58170.4920","3.1515773e-19","-21.1","298.98666","2018-02-21 11:48:24","2018-02-21 12:09:04"
"ANY","150.2022518031","2.306984377792","2018-02-21 11:48:24","1240","-53.938774","170.697556","31.89888191223144","7.7774","CLEAR1L","F435W","4329.1875","ACS WFC1 F435W MJD#58170.4920","3.1515773e-19","-21.1","298.98666","2018-02-21 11:48:24","2018-02-21 12:09:04"
"ANY","150.2013773525","2.310945288688","2018-04-14 06:16:18","1255","50.436417","126.890091","31.57606887817383","82.8498","CLEAR1L","F435W","4329.1875","ACS WFC1 F435W MJD#58222.2613","3.1518526e-19","-21.1","298.98666","2018-04-14 06:16:18","2018-04-14 06:37:13"
"ANY","150.2013773525","2.310945288688","2018-04-14 06:16:18","1255","50.436417","126.890091","31.57606887817383","83.2771","CLEAR1L","F435W","4329.1875","ACS WFC1 F435W MJD#58222.2613","3.1518526e-19","-21.1","298.98666","2018-04-14 06:16:18","2018-04-14 06:37:13"
"ANY","150.2013773525","2.310945288688","2018-04-14 06:39:31","1255","-34.331089","126.873703","29.0518684387207","82.8498","CLEAR1L","F435W","4329.1875","ACS WFC1 F435W MJD#58222.2775","3.1518526e-19","-21.1","298.98666","2018-04-14 06:39:31","2018-04-14 07:00:26"
"ANY","150.2013773525","2.310945288688","2018-04-14 06:39:31","1255","-34.331089","126.873703","29.0518684387207","83.2771","CLEAR1L","F435W","4329.1875","ACS WFC1 F435W MJD#58222.2775","3.1518526e-19","-21.1","298.98666","2018-04-14 06:39:31","2018-04-14 07:00:26"
"ANY","150.2013773525","2.310945288688","2018-04-14 07:48:46","1352","55.669395","126.827721","36.06179809570312","82.8498","CLEAR1L","F435W","4329.1875","ACS WFC1 F435W MJD#58222.3255","3.1518528e-19","-21.1","298.98666","2018-04-14 07:48:46","2018-04-14 08:11:18"
"ANY","150.2013773525","2.310945288688","2018-04-14 07:48:46","1352","55.669395","126.827721","36.06179809570312","83.2771","CLEAR1L","F435W","4329.1875","ACS WFC1 F435W MJD#58222.3255","3.1518528e-19","-21.1","298.98666","2018-04-14 07:48:46","2018-04-14 08:11:18"
"ANY","150.2013773525","2.310945288688","2018-04-14 08:13:36","1352","-30.35095","126.81115","31.2366886138916","82.8498","CLEAR1L","F435W","4329.1875","ACS WFC1 F435W MJD#58222.3428","3.1518528e-19","-21.1","298.98666","2018-04-14 08:13:36","2018-04-14 08:36:08"
"ANY","150.2013773525","2.310945288688","2018-04-14 08:13:36","1352","-30.35095","126.81115","31.2366886138916","83.2771","CLEAR1L","F435W","4329.1875","ACS WFC1 F435W MJD#58222.3428","3.1518528e-19","-21.1","298.98666","2018-04-14 08:13:36","2018-04-14 08:36:08"
"ANY","150.2013773525","2.310945288688","2018-04-14 09:24:07","1352","55.637268","126.764229","36.78189468383789","82.8498","CLEAR1L","F435W","4329.1875","ACS WFC1 F435W MJD#58222.3918","3.1518531e-19","-21.1","298.98666","2018-04-14 09:24:07","2018-04-14 09:46:39"
"ANY","150.2013773525","2.310945288688","2018-04-14 09:24:07","1352","55.637268","126.764229","36.78189468383789","83.2771","CLEAR1L","F435W","4329.1875","ACS WFC1 F435W MJD#58222.3918","3.1518531e-19","-21.1","298.98666","2018-04-14 09:24:07","2018-04-14 09:46:39"
"ANY","150.2013773525","2.310945288688","2018-04-14 09:48:57","1352","-30.205914","126.747658","31.04093742370605","82.8498","CLEAR1L","F435W","4329.1875","ACS WFC1 F435W MJD#58222.4090","3.1518533e-19","-21.1","298.98666","2018-04-14 09:48:57","2018-04-14 10:11:29"
"ANY","150.2013773525","2.310945288688","2018-04-14 09:48:57","1352","-30.205914","126.747658","31.04093742370605","83.2771","CLEAR1L","F435W","4329.1875","ACS WFC1 F435W MJD#58222.4090","3.1518533e-19","-21.1","298.98666","2018-04-14 09:48:57","2018-04-14 10:11:29"
"ANY","150.2013773525","2.310945288688","2018-04-14 10:59:28","1352","55.605457","126.700462","37.01070022583008","82.8498","CLEAR1L","F435W","4329.1875","ACS WFC1 F435W MJD#58222.4580","3.1518536e-19","-21.1","298.98666","2018-04-14 10:59:28","2018-04-14 11:22:00"
"ANY","150.2013773525","2.310945288688","2018-04-14 10:59:28","1352","55.605457","126.700462","37.01070022583008","83.2771","CLEAR1L","F435W","4329.1875","ACS WFC1 F435W MJD#58222.4580","3.1518536e-19","-21.1","298.98666","2018-04-14 10:59:28","2018-04-14 11:22:00"
"ANY","150.2013773525","2.310945288688","2018-04-14 11:24:18","1352","-30.05946","126.683907","30.846435546875","82.8498","CLEAR1L","F435W","4329.1875","ACS WFC1 F435W MJD#58222.4752","3.1518536e-19","-21.1","298.98666","2018-04-14 11:24:18","2018-04-14 11:46:50"
"ANY","150.2013773525","2.310945288688","2018-04-14 11:24:18","1352","-30.05946","126.683907","30.846435546875","83.2771","CLEAR1L","F435W","4329.1875","ACS WFC1 F435W MJD#58222.4752","3.1518536e-19","-21.1","298.98666","2018-04-14 11:24:18","2018-04-14 11:46:50"
"ANY","150.2013773525","2.310945288688","2018-04-14 06:16:18","1255","50.436417","126.890091","31.57606887817383","82.8498","CLEAR1L","F435W","4329.1875","ACS WFC1 F435W MJD#58222.2613","3.1518526e-19","-21.1","298.98666","2018-04-14 06:16:18","2018-04-14 06:37:13"
"ANY","150.2013773525","2.310945288688","2018-04-14 06:16:18","1255","50.436417","126.890091","31.57606887817383","83.2771","CLEAR1L","F435W","4329.1875","ACS WFC1 F435W MJD#58222.2613","3.1518526e-19","-21.1","298.98666","2018-04-14 06:16:18","2018-04-14 06:37:13"
"ANY","150.2013773525","2.310945288688","2018-04-14 06:39:31","1255","-34.331089","126.873703","29.0518684387207","82.8498","CLEAR1L","F435W","4329.1875","ACS WFC1 F435W MJD#58222.2775","3.1518526e-19","-21.1","298.98666","2018-04-14 06:39:31","2018-04-14 07:00:26"
"ANY","150.2013773525","2.310945288688","2018-04-14 06:39:31","1255","-34.331089","126.873703","29.0518684387207","83.2771","CLEAR1L","F435W","4329.1875","ACS WFC1 F435W MJD#58222.2775","3.1518526e-19","-21.1","298.98666","2018-04-14 06:39:31","2018-04-14 07:00:26"
"ANY","150.2015937534","2.311050077629","2018-04-14 07:48:46","1352","55.669395","126.827721","36.06179809570312","82.8498","CLEAR1L","F435W","4329.1875","ACS WFC1 F435W MJD#58222.3255","3.1518528e-19","-21.1","298.98666","2018-04-14 07:48:46","2018-04-14 08:11:18"
"ANY","150.2015937534","2.311050077629","2018-04-14 07:48:46","1352","55.669395","126.827721","36.06179809570312","83.2771","CLEAR1L","F435W","4329.1875","ACS WFC1 F435W MJD#58222.3255","3.1518528e-19","-21.1","298.98666","2018-04-14 07:48:46","2018-04-14 08:11:18"
"ANY","150.2015937534","2.311050077629","2018-04-14 08:13:36","1352","-30.35095","126.81115","31.2366886138916","82.8498","CLEAR1L","F435W","4329.1875","ACS WFC1 F435W MJD#58222.3428","3.1518528e-19","-21.1","298.98666","2018-04-14 08:13:36","2018-04-14 08:36:08"
"ANY","150.2015937534","2.311050077629","2018-04-14 08:13:36","1352","-30.35095","126.81115","31.2366886138916","83.2771","CLEAR1L","F435W","4329.1875","ACS WFC1 F435W MJD#58222.3428","3.1518528e-19","-21.1","298.98666","2018-04-14 08:13:36","2018-04-14 08:36:08"
"ANY","150.2016409324","2.310901837042","2018-04-14 09:24:07","1352","55.637268","126.764229","36.78189468383789","82.8498","CLEAR1L","F435W","4329.1875","ACS WFC1 F435W MJD#58222.3918","3.1518531e-19","-21.1","298.98666","2018-04-14 09:24:07","2018-04-14 09:46:39"
"ANY","150.2016409324","2.310901837042","2018-04-14 09:24:07","1352","55.637268","126.764229","36.78189468383789","83.2771","CLEAR1L","F435W","4329.1875","ACS WFC1 F435W MJD#58222.3918","3.1518531e-19","-21.1","298.98666","2018-04-14 09:24:07","2018-04-14 09:46:39"
"ANY","150.2016409324","2.310901837042","2018-04-14 09:48:57","1352","-30.205914","126.747658","31.04093742370605","82.8498","CLEAR1L","F435W","4329.1875","ACS WFC1 F435W MJD#58222.4090","3.1518533e-19","-21.1","298.98666","2018-04-14 09:48:57","2018-04-14 10:11:29"
"ANY","150.2016409324","2.310901837042","2018-04-14 09:48:57","1352","-30.205914","126.747658","31.04093742370605","83.2771","CLEAR1L","F435W","4329.1875","ACS WFC1 F435W MJD#58222.4090","3.1518533e-19","-21.1","298.98666","2018-04-14 09:48:57","2018-04-14 10:11:29"
"ANY","150.2014245333","2.310797050227","2018-04-14 10:59:28","1352","55.605457","126.700462","37.01070022583008","82.8498","CLEAR1L","F435W","4329.1875","ACS WFC1 F435W MJD#58222.4580","3.1518536e-19","-21.1","298.98666","2018-04-14 10:59:28","2018-04-14 11:22:00"
"ANY","150.2014245333","2.310797050227","2018-04-14 10:59:28","1352","55.605457","126.700462","37.01070022583008","83.2771","CLEAR1L","F435W","4329.1875","ACS WFC1 F435W MJD#58222.4580","3.1518536e-19","-21.1","298.98666","2018-04-14 10:59:28","2018-04-14 11:22:00"
"ANY","150.2014245333","2.310797050227","2018-04-14 11:24:18","1352","-30.05946","126.683907","30.846435546875","82.8498","CLEAR1L","F435W","4329.1875","ACS WFC1 F435W MJD#58222.4752","3.1518536e-19","-21.1","298.98666","2018-04-14 11:24:18","2018-04-14 11:46:50"
"ANY","150.2014245333","2.310797050227","2018-04-14 11:24:18","1352","-30.05946","126.683907","30.846435546875","83.2771","CLEAR1L","F435W","4329.1875","ACS WFC1 F435W MJD#58222.4752","3.1518536e-19","-21.1","298.98666","2018-04-14 11:24:18","2018-04-14 11:46:50"
"ANY","150.2016900948","2.310785599151","2018-04-14 12:34:49","1352","55.573982","126.637146","36.91594314575195","82.8498","CLEAR1L","F435W","4329.1875","ACS WFC1 F435W MJD#58222.5242","3.1518539e-19","-21.1","298.98666","2018-04-14 12:34:49","2018-04-14 12:57:21"
"ANY","150.2016900948","2.310785599151","2018-04-14 12:34:49","1352","55.573982","126.637146","36.91594314575195","83.2771","CLEAR1L","F435W","4329.1875","ACS WFC1 F435W MJD#58222.5242","3.1518539e-19","-21.1","298.98666","2018-04-14 12:34:49","2018-04-14 12:57:21"
"ANY","150.2016900948","2.310785599151","2018-04-14 12:59:39","1352","-29.91161","126.62059","30.75628471374512","82.8498","CLEAR1L","F435W","4329.1875","ACS WFC1 F435W MJD#58222.5414","3.1518541e-19","-21.1","298.98666","2018-04-14 12:59:39","2018-04-14 13:22:11"
"ANY","150.2016900948","2.310785599151","2018-04-14 12:59:39","1352","-29.91161","126.62059","30.75628471374512","83.2771","CLEAR1L","F435W","4329.1875","ACS WFC1 F435W MJD#58222.5414","3.1518541e-19","-21.1","298.98666","2018-04-14 12:59:39","2018-04-14 13:22:11"
"ANY","150.2018176246","2.310835919379","2018-04-15 06:06:31","1255","50.339649","125.936943","31.49036026000977","82.8498","CLEAR1L","F435W","4329.1875","ACS WFC1 F435W MJD#58223.2545","3.1518577e-19","-21.1","298.98666","2018-04-15 06:06:31","2018-04-15 06:27:26"
"ANY","150.2018176246","2.310835919379","2018-04-15 06:06:31","1255","50.339649","125.936943","31.49036026000977","83.2771","CLEAR1L","F435W","4329.1875","ACS WFC1 F435W MJD#58223.2545","3.1518577e-19","-21.1","298.98666","2018-04-15 06:06:31","2018-04-15 06:27:26"
"ANY","150.2018176246","2.310835919379","2018-04-15 06:29:44","1255","-31.651562","125.920547","29.23345184326172","82.8498","CLEAR1L","F435W","4329.1875","ACS WFC1 F435W MJD#58223.2707","3.1518579999999996e-19","-21.1","298.98666","2018-04-15 06:29:44","2018-04-15 06:50:39"
"ANY","150.2018176246","2.310835919379","2018-04-15 06:29:44","1255","-31.651562","125.920547","29.23345184326172","83.2771","CLEAR1L","F435W","4329.1875","ACS WFC1 F435W MJD#58223.2707","3.1518579999999996e-19","-21.1","298.98666","2018-04-15 06:29:44","2018-04-15 06:50:39"
"ANY","150.2018176246","2.310835919379","2018-04-15 07:38:58","1352","55.450691","125.874565","36.22768402099609","82.8498","CLEAR1L","F435W","4329.1875","ACS WFC1 F435W MJD#58223.3187","3.1518582e-19","-21.1","298.98666","2018-04-15 07:38:58","2018-04-15 08:01:30"
"ANY","150.2018176246","2.310835919379","2018-04-15 07:38:58","1352","55.450691","125.874565","36.22768402099609","83.2771","CLEAR1L","F435W","4329.1875","ACS WFC1 F435W MJD#58223.3187","3.1518582e-19","-21.1","298.98666","2018-04-15 07:38:58","2018-04-15 08:01:30"
"ANY","150.2018176246","2.310835919379","2018-04-15 08:03:48","1352","-27.842457","125.858009","31.40087699890137","82.8498","CLEAR1L","F435W","4329.1875","ACS WFC1 F435W MJD#58223.3360","3.1518582e-19","-21.1","298.98666","2018-04-15 08:03:48","2018-04-15 08:26:20"
"ANY","150.2018176246","2.310835919379","2018-04-15 08:03:48","1352","-27.842457","125.858009","31.40087699890137","83.2771","CLEAR1L","F435W","4329.1875","ACS WFC1 F435W MJD#58223.3360","3.1518582e-19","-21.1","298.98666","2018-04-15 08:03:48","2018-04-15 08:26:20"
"ANY","150.2018176246","2.310835919379","2018-04-15 09:14:19","1352","55.424713","125.811073","36.74213409423828","82.8498","CLEAR1L","F435W","4329.1875","ACS WFC1 F435W MJD#58223.3850","3.1518585e-19","-21.1","298.98666","2018-04-15 09:14:19","2018-04-15 09:36:51"
"ANY","150.2018176246","2.310835919379","2018-04-15 09:14:19","1352","55.424713","125.811073","36.74213409423828","83.2771","CLEAR1L","F435W","4329.1875","ACS WFC1 F435W MJD#58223.3850","3.1518585e-19","-21.1","298.98666","2018-04-15 09:14:19","2018-04-15 09:36:51"
"ANY","150.2018176246","2.310835919379","2018-04-15 09:39:09","1352","-27.67927","125.794518","31.22616004943847","82.8498","CLEAR1L","F435W","4329.1875","ACS WFC1 F435W MJD#58223.4022","3.1518585e-19","-21.1","298.98666","2018-04-15 09:39:09","2018-04-15 10:01:41"
"ANY","150.2018176246","2.310835919379","2018-04-15 09:39:09","1352","-27.67927","125.794518","31.22616004943847","83.2771","CLEAR1L","F435W","4329.1875","ACS WFC1 F435W MJD#58223.4022","3.1518585e-19","-21.1","298.98666","2018-04-15 09:39:09","2018-04-15 10:01:41"
"ANY","150.2018176246","2.310835919379","2018-04-15 10:49:40","1352","55.399326","125.747322","36.96252059936523","82.8498","CLEAR1L","F435W","4329.1875","ACS WFC1 F435W MJD#58223.4512","3.1518588e-19","-21.1","298.98666","2018-04-15 10:49:40","2018-04-15 11:12:12"
"ANY","150.2018176246","2.310835919379","2018-04-15 10:49:40","1352","55.399326","125.747322","36.96252059936523","83.2771","CLEAR1L","F435W","4329.1875","ACS WFC1 F435W MJD#58223.4512","3.1518588e-19","-21.1","298.98666","2018-04-15 10:49:40","2018-04-15 11:12:12"
"ANY","150.2018176246","2.310835919379","2018-04-15 11:14:30","1352","-27.514996","125.730766","31.12690544128418","82.8498","CLEAR1L","F435W","4329.1875","ACS WFC1 F435W MJD#58223.4684","3.151859e-19","-21.1","298.98666","2018-04-15 11:14:30","2018-04-15 11:37:02"
"ANY","150.2018176246","2.310835919379","2018-04-15 11:14:30","1352","-27.514996","125.730766","31.12690544128418","83.2771","CLEAR1L","F435W","4329.1875","ACS WFC1 F435W MJD#58223.4684","3.151859e-19","-21.1","298.98666","2018-04-15 11:14:30","2018-04-15 11:37:02"
"ANY","150.2018176246","2.310835919379","2018-04-15 06:06:31","1255","50.339649","125.936943","31.49036026000977","82.8498","CLEAR1L","F435W","4329.1875","ACS WFC1 F435W MJD#58223.2545","3.1518577e-19","-21.1","298.98666","2018-04-15 06:06:31","2018-04-15 06:27:26"
"ANY","150.2018176246","2.310835919379","2018-04-15 06:06:31","1255","50.339649","125.936943","31.49036026000977","83.2771","CLEAR1L","F435W","4329.1875","ACS WFC1 F435W MJD#58223.2545","3.1518577e-19","-21.1","298.98666","2018-04-15 06:06:31","2018-04-15 06:27:26"
"ANY","150.2018176246","2.310835919379","2018-04-15 06:29:44","1255","-31.651562","125.920547","29.23345184326172","82.8498","CLEAR1L","F435W","4329.1875","ACS WFC1 F435W MJD#58223.2707","3.1518579999999996e-19","-21.1","298.98666","2018-04-15 06:29:44","2018-04-15 06:50:39"
"ANY","150.2018176246","2.310835919379","2018-04-15 06:29:44","1255","-31.651562","125.920547","29.23345184326172","83.2771","CLEAR1L","F435W","4329.1875","ACS WFC1 F435W MJD#58223.2707","3.1518579999999996e-19","-21.1","298.98666","2018-04-15 06:29:44","2018-04-15 06:50:39"
"ANY","150.2020340254","2.310940708253","2018-04-15 07:38:58","1352","55.450691","125.874565","36.22768402099609","82.8498","CLEAR1L","F435W","4329.1875","ACS WFC1 F435W MJD#58223.3187","3.1518582e-19","-21.1","298.98666","2018-04-15 07:38:58","2018-04-15 08:01:30"
"ANY","150.2020340254","2.310940708253","2018-04-15 07:38:58","1352","55.450691","125.874565","36.22768402099609","83.2771","CLEAR1L","F435W","4329.1875","ACS WFC1 F435W MJD#58223.3187","3.1518582e-19","-21.1","298.98666","2018-04-15 07:38:58","2018-04-15 08:01:30"
"ANY","150.2020340254","2.310940708253","2018-04-15 08:03:48","1352","-27.842457","125.858009","31.40087699890137","82.8498","CLEAR1L","F435W","4329.1875","ACS WFC1 F435W MJD#58223.3360","3.1518582e-19","-21.1","298.98666","2018-04-15 08:03:48","2018-04-15 08:26:20"
"ANY","150.2020340254","2.310940708253","2018-04-15 08:03:48","1352","-27.842457","125.858009","31.40087699890137","83.2771","CLEAR1L","F435W","4329.1875","ACS WFC1 F435W MJD#58223.3360","3.1518582e-19","-21.1","298.98666","2018-04-15 08:03:48","2018-04-15 08:26:20"
"ANY","150.2020812044","2.310792467651","2018-04-15 09:14:19","1352","55.424713","125.811073","36.74213409423828","82.8498","CLEAR1L","F435W","4329.1875","ACS WFC1 F435W MJD#58223.3850","3.1518585e-19","-21.1","298.98666","2018-04-15 09:14:19","2018-04-15 09:36:51"
"ANY","150.2020812044","2.310792467651","2018-04-15 09:14:19","1352","55.424713","125.811073","36.74213409423828","83.2771","CLEAR1L","F435W","4329.1875","ACS WFC1 F435W MJD#58223.3850","3.1518585e-19","-21.1","298.98666","2018-04-15 09:14:19","2018-04-15 09:36:51"
"ANY","150.2020812044","2.310792467651","2018-04-15 09:39:09","1352","-27.67927","125.794518","31.22616004943847","82.8498","CLEAR1L","F435W","4329.1875","ACS WFC1 F435W MJD#58223.4022","3.1518585e-19","-21.1","298.98666","2018-04-15 09:39:09","2018-04-15 10:01:41"
"ANY","150.2020812044","2.310792467651","2018-04-15 09:39:09","1352","-27.67927","125.794518","31.22616004943847","83.2771","CLEAR1L","F435W","4329.1875","ACS WFC1 F435W MJD#58223.4022","3.1518585e-19","-21.1","298.98666","2018-04-15 09:39:09","2018-04-15 10:01:41"
"ANY","150.2018648053","2.310687680903","2018-04-15 10:49:40","1352","55.399326","125.747322","36.96252059936523","82.8498","CLEAR1L","F435W","4329.1875","ACS WFC1 F435W MJD#58223.4512","3.1518588e-19","-21.1","298.98666","2018-04-15 10:49:40","2018-04-15 11:12:12"
"ANY","150.2018648053","2.310687680903","2018-04-15 10:49:40","1352","55.399326","125.747322","36.96252059936523","83.2771","CLEAR1L","F435W","4329.1875","ACS WFC1 F435W MJD#58223.4512","3.1518588e-19","-21.1","298.98666","2018-04-15 10:49:40","2018-04-15 11:12:12"
"ANY","150.2018648053","2.310687680903","2018-04-15 11:14:30","1352","-27.514996","125.730766","31.12690544128418","82.8498","CLEAR1L","F435W","4329.1875","ACS WFC1 F435W MJD#58223.4684","3.151859e-19","-21.1","298.98666","2018-04-15 11:14:30","2018-04-15 11:37:02"
"ANY","150.2018648053","2.310687680903","2018-04-15 11:14:30","1352","-27.514996","125.730766","31.12690544128418","83.2771","CLEAR1L","F435W","4329.1875","ACS WFC1 F435W MJD#58223.4684","3.151859e-19","-21.1","298.98666","2018-04-15 11:14:30","2018-04-15 11:37:02"
"ANY","150.2021303667","2.310676229745","2018-04-15 12:25:00","1352","55.429375","125.684021","36.81317138671875","82.8498","CLEAR1L","F435W","4329.1875","ACS WFC1 F435W MJD#58223.5174","3.1518593e-19","-21.1","298.98666","2018-04-15 12:25:00","2018-04-15 12:47:32"
"ANY","150.2021303667","2.310676229745","2018-04-15 12:25:00","1352","55.429375","125.684021","36.81317138671875","83.2771","CLEAR1L","F435W","4329.1875","ACS WFC1 F435W MJD#58223.5174","3.1518593e-19","-21.1","298.98666","2018-04-15 12:25:00","2018-04-15 12:47:32"
"ANY","150.2021303667","2.310676229745","2018-04-15 12:49:50","1352","-27.301615","125.667465","30.92534637451172","82.8498","CLEAR1L","F435W","4329.1875","ACS WFC1 F435W MJD#58223.5346","3.1518593e-19","-21.1","298.98666","2018-04-15 12:49:50","2018-04-15 13:12:22"
"ANY","150.2021303667","2.310676229745","2018-04-15 12:49:50","1352","-27.301615","125.667465","30.92534637451172","83.2771","CLEAR1L","F435W","4329.1875","ACS WFC1 F435W MJD#58223.5346","3.1518593e-19","-21.1","298.98666","2018-04-15 12:49:50","2018-04-15 13:12:22"
"ANY","150.105637192","2.2622529613","2018-03-08 13:48:51","1255","31.373955","161.291977","30.21656799316406","80.3497","CLEAR1L","F435W","4329.1875","ACS WFC1 F435W MJD#58185.5756","3.1516574e-19","-21.1","298.98666","2018-03-08 13:48:51","2018-03-08 14:09:46"
"ANY","150.105637192","2.2622529613","2018-03-08 13:48:51","1255","31.373955","161.291977","30.21656799316406","80.7771","CLEAR1L","F435W","4329.1875","ACS WFC1 F435W MJD#58185.5756","3.1516574e-19","-21.1","298.98666","2018-03-08 13:48:51","2018-03-08 14:09:46"
"ANY","150.105637192","2.2622529613","2018-03-08 14:12:04","1255","-44.319088","161.277237","29.14701271057129","80.3497","CLEAR1L","F435W","4329.1875","ACS WFC1 F435W MJD#58185.5917","3.1516577e-19","-21.1","298.98666","2018-03-08 14:12:04","2018-03-08 14:32:59"
"ANY","150.105637192","2.2622529613","2018-03-08 14:12:04","1255","-44.319088","161.277237","29.14701271057129","80.7771","CLEAR1L","F435W","4329.1875","ACS WFC1 F435W MJD#58185.5917","3.1516577e-19","-21.1","298.98666","2018-03-08 14:12:04","2018-03-08 14:32:59"
"ANY","150.105637192","2.2622529613","2018-03-08 15:21:00","1352","37.875156","161.236115","33.37936019897461","80.3497","CLEAR1L","F435W","4329.1875","ACS WFC1 F435W MJD#58185.6396","3.1516577e-19","-21.1","298.98666","2018-03-08 15:21:00","2018-03-08 15:43:32"
"ANY","150.105637192","2.2622529613","2018-03-08 15:21:00","1352","37.875156","161.236115","33.37936019897461","80.7771","CLEAR1L","F435W","4329.1875","ACS WFC1 F435W MJD#58185.6396","3.1516577e-19","-21.1","298.98666","2018-03-08 15:21:00","2018-03-08 15:43:32"
"ANY","150.105637192","2.2622529613","2018-03-08 15:45:50","1352","-42.065575","161.221222","31.48384284973145","80.3497","CLEAR1L","F435W","4329.1875","ACS WFC1 F435W MJD#58185.6568","3.1516579e-19","-21.1","298.98666","2018-03-08 15:45:50","2018-03-08 16:08:22"
"ANY","150.105637192","2.2622529613","2018-03-08 15:45:50","1352","-42.065575","161.221222","31.48384284973145","80.7771","CLEAR1L","F435W","4329.1875","ACS WFC1 F435W MJD#58185.6568","3.1516579e-19","-21.1","298.98666","2018-03-08 15:45:50","2018-03-08 16:08:22"
"ANY","150.105637192","2.2622529613","2018-03-08 16:56:22","1352","37.928997","161.178879","33.51126861572266","80.3497","CLEAR1L","F435W","4329.1875","ACS WFC1 F435W MJD#58185.7058","3.1516582e-19","-21.1","298.98666","2018-03-08 16:56:22","2018-03-08 17:18:54"
"ANY","150.105637192","2.2622529613","2018-03-08 16:56:22","1352","37.928997","161.178879","33.51126861572266","80.7771","CLEAR1L","F435W","4329.1875","ACS WFC1 F435W MJD#58185.7058","3.1516582e-19","-21.1","298.98666","2018-03-08 16:56:22","2018-03-08 17:18:54"
"ANY","150.105637192","2.2622529613","2018-03-08 17:21:12","1352","-42.092751","161.163971","31.52765846252441","80.3497","CLEAR1L","F435W","4329.1875","ACS WFC1 F435W MJD#58185.7231","3.1516582e-19","-21.1","298.98666","2018-03-08 17:21:12","2018-03-08 17:43:44"
"ANY","150.105637192","2.2622529613","2018-03-08 17:21:12","1352","-42.092751","161.163971","31.52765846252441","80.7771","CLEAR1L","F435W","4329.1875","ACS WFC1 F435W MJD#58185.7231","3.1516582e-19","-21.1","298.98666","2018-03-08 17:21:12","2018-03-08 17:43:44"
"ANY","150.105637192","2.2622529613","2018-03-08 18:31:44","1352","37.982628","161.121353","33.54691314697266","80.3497","CLEAR1L","F435W","4329.1875","ACS WFC1 F435W MJD#58185.7720","3.1516584e-19","-21.1","298.98666","2018-03-08 18:31:44","2018-03-08 18:54:16"
"ANY","150.105637192","2.2622529613","2018-03-08 18:31:44","1352","37.982628","161.121353","33.54691314697266","80.7771","CLEAR1L","F435W","4329.1875","ACS WFC1 F435W MJD#58185.7720","3.1516584e-19","-21.1","298.98666","2018-03-08 18:31:44","2018-03-08 18:54:16"
"ANY","150.105637192","2.2622529613","2018-03-08 18:56:34","1352","-42.121704","161.106415","31.5087776184082","80.3497","CLEAR1L","F435W","4329.1875","ACS WFC1 F435W MJD#58185.7893","3.1516587e-19","-21.1","298.98666","2018-03-08 18:56:34","2018-03-08 19:19:06"
"ANY","150.105637192","2.2622529613","2018-03-08 18:56:34","1352","-42.121704","161.106415","31.5087776184082","80.7771","CLEAR1L","F435W","4329.1875","ACS WFC1 F435W MJD#58185.7893","3.1516587e-19","-21.1","298.98666","2018-03-08 18:56:34","2018-03-08 19:19:06"
"ANY","150.105637192","2.2622529613","2018-03-08 13:48:51","1255","31.373955","161.291977","30.21656799316406","80.3497","CLEAR1L","F435W","4329.1875","ACS WFC1 F435W MJD#58185.5756","3.1516574e-19","-21.1","298.98666","2018-03-08 13:48:51","2018-03-08 14:09:46"
"ANY","150.105637192","2.2622529613","2018-03-08 13:48:51","1255","31.373955","161.291977","30.21656799316406","80.7771","CLEAR1L","F435W","4329.1875","ACS WFC1 F435W MJD#58185.5756","3.1516574e-19","-21.1","298.98666","2018-03-08 13:48:51","2018-03-08 14:09:46"
"ANY","150.105637192","2.2622529613","2018-03-08 14:12:04","1255","-44.319088","161.277237","29.14701271057129","80.3497","CLEAR1L","F435W","4329.1875","ACS WFC1 F435W MJD#58185.5917","3.1516577e-19","-21.1","298.98666","2018-03-08 14:12:04","2018-03-08 14:32:59"
"ANY","150.105637192","2.2622529613","2018-03-08 14:12:04","1255","-44.319088","161.277237","29.14701271057129","80.7771","CLEAR1L","F435W","4329.1875","ACS WFC1 F435W MJD#58185.5917","3.1516577e-19","-21.1","298.98666","2018-03-08 14:12:04","2018-03-08 14:32:59"
"ANY","150.1058488052","2.262367082096","2018-03-08 15:21:00","1352","37.875156","161.236115","33.37936019897461","80.3497","CLEAR1L","F435W","4329.1875","ACS WFC1 F435W MJD#58185.6396","3.1516577e-19","-21.1","298.98666","2018-03-08 15:21:00","2018-03-08 15:43:32"
"ANY","150.1058488052","2.262367082096","2018-03-08 15:21:00","1352","37.875156","161.236115","33.37936019897461","80.7771","CLEAR1L","F435W","4329.1875","ACS WFC1 F435W MJD#58185.6396","3.1516577e-19","-21.1","298.98666","2018-03-08 15:21:00","2018-03-08 15:43:32"
"ANY","150.1058488052","2.262367082096","2018-03-08 15:45:50","1352","-42.065575","161.221222","31.48384284973145","80.3497","CLEAR1L","F435W","4329.1875","ACS WFC1 F435W MJD#58185.6568","3.1516579e-19","-21.1","298.98666","2018-03-08 15:45:50","2018-03-08 16:08:22"
"ANY","150.1058488052","2.262367082096","2018-03-08 15:45:50","1352","-42.065575","161.221222","31.48384284973145","80.7771","CLEAR1L","F435W","4329.1875","ACS WFC1 F435W MJD#58185.6568","3.1516579e-19","-21.1","298.98666","2018-03-08 15:45:50","2018-03-08 16:08:22"
"ANY","150.1059024089","2.262221038845","2018-03-08 16:56:22","1352","37.928997","161.178879","33.51126861572266","80.3497","CLEAR1L","F435W","4329.1875","ACS WFC1 F435W MJD#58185.7058","3.1516582e-19","-21.1","298.98666","2018-03-08 16:56:22","2018-03-08 17:18:54"
"ANY","150.1059024089","2.262221038845","2018-03-08 16:56:22","1352","37.928997","161.178879","33.51126861572266","80.7771","CLEAR1L","F435W","4329.1875","ACS WFC1 F435W MJD#58185.7058","3.1516582e-19","-21.1","298.98666","2018-03-08 16:56:22","2018-03-08 17:18:54"
"ANY","150.1059024089","2.262221038845","2018-03-08 17:21:12","1352","-42.092751","161.163971","31.52765846252441","80.3497","CLEAR1L","F435W","4329.1875","ACS WFC1 F435W MJD#58185.7231","3.1516582e-19","-21.1","298.98666","2018-03-08 17:21:12","2018-03-08 17:43:44"
"ANY","150.1059024089","2.262221038845","2018-03-08 17:21:12","1352","-42.092751","161.163971","31.52765846252441","80.7771","CLEAR1L","F435W","4329.1875","ACS WFC1 F435W MJD#58185.7231","3.1516582e-19","-21.1","298.98666","2018-03-08 17:21:12","2018-03-08 17:43:44"
"ANY","150.1056907974","2.262106920253","2018-03-08 18:31:44","1352","37.982628","161.121353","33.54691314697266","80.3497","CLEAR1L","F435W","4329.1875","ACS WFC1 F435W MJD#58185.7720","3.1516584e-19","-21.1","298.98666","2018-03-08 18:31:44","2018-03-08 18:54:16"
"ANY","150.1056907974","2.262106920253","2018-03-08 18:31:44","1352","37.982628","161.121353","33.54691314697266","80.7771","CLEAR1L","F435W","4329.1875","ACS WFC1 F435W MJD#58185.7720","3.1516584e-19","-21.1","298.98666","2018-03-08 18:31:44","2018-03-08 18:54:16"
"ANY","150.1056907974","2.262106920253","2018-03-08 18:56:34","1352","-42.121704","161.106415","31.5087776184082","80.3497","CLEAR1L","F435W","4329.1875","ACS WFC1 F435W MJD#58185.7893","3.1516587e-19","-21.1","298.98666","2018-03-08 18:56:34","2018-03-08 19:19:06"
"ANY","150.1056907974","2.262106920253","2018-03-08 18:56:34","1352","-42.121704","161.106415","31.5087776184082","80.7771","CLEAR1L","F435W","4329.1875","ACS WFC1 F435W MJD#58185.7893","3.1516587e-19","-21.1","298.98666","2018-03-08 18:56:34","2018-03-08 19:19:06"
"ANY","150.105956597","2.262107054277","2018-03-08 20:07:06","1352","38.036037","161.064255","33.499755859375","80.3497","CLEAR1L","F435W","4329.1875","ACS WFC1 F435W MJD#58185.8383","3.1516589e-19","-21.1","298.98666","2018-03-08 20:07:06","2018-03-08 20:29:38"
"ANY","150.105956597","2.262107054277","2018-03-08 20:07:06","1352","38.036037","161.064255","33.499755859375","80.7771","CLEAR1L","F435W","4329.1875","ACS WFC1 F435W MJD#58185.8383","3.1516589e-19","-21.1","298.98666","2018-03-08 20:07:06","2018-03-08 20:29:38"
"ANY","150.105956597","2.262107054277","2018-03-08 20:31:56","1352","-42.152439","161.049286","31.49357223510742","80.3497","CLEAR1L","F435W","4329.1875","ACS WFC1 F435W MJD#58185.8555","3.1516589e-19","-21.1","298.98666","2018-03-08 20:31:56","2018-03-08 20:54:28"
"ANY","150.105956597","2.262107054277","2018-03-08 20:31:56","1352","-42.152439","161.049286","31.49357223510742","80.7771","CLEAR1L","F435W","4329.1875","ACS WFC1 F435W MJD#58185.8555","3.1516589e-19","-21.1","298.98666","2018-03-08 20:31:56","2018-03-08 20:54:28"
"ANY","150.1065264168","2.262072808275","2018-03-09 10:28:38","1255","31.95822","160.544983","30.16630554199219","80.3497","CLEAR1L","F435W","4329.1875","ACS WFC1 F435W MJD#58186.4366","3.1516619999999996e-19","-21.1","298.98666","2018-03-09 10:28:38","2018-03-09 10:49:33"
"ANY","150.1065264168","2.262072808275","2018-03-09 10:28:38","1255","31.95822","160.544983","30.16630554199219","80.7771","CLEAR1L","F435W","4329.1875","ACS WFC1 F435W MJD#58186.4366","3.1516619999999996e-19","-21.1","298.98666","2018-03-09 10:28:38","2018-03-09 10:49:33"
"ANY","150.1065264168","2.262072808275","2018-03-09 10:51:51","1255","-45.026539","160.53009","29.27493286132813","80.3497","CLEAR1L","F435W","4329.1875","ACS WFC1 F435W MJD#58186.4527","3.1516619999999996e-19","-21.1","298.98666","2018-03-09 10:51:51","2018-03-09 11:12:46"
"ANY","150.1065264168","2.262072808275","2018-03-09 10:51:51","1255","-45.026539","160.53009","29.27493286132813","80.7771","CLEAR1L","F435W","4329.1875","ACS WFC1 F435W MJD#58186.4527","3.1516619999999996e-19","-21.1","298.98666","2018-03-09 10:51:51","2018-03-09 11:12:46"
"ANY","150.1065264168","2.262072808275","2018-03-09 12:00:47","1352","38.496243","160.488464","33.33820724487305","80.3497","CLEAR1L","F435W","4329.1875","ACS WFC1 F435W MJD#58186.5006","3.1516623e-19","-21.1","298.98666","2018-03-09 12:00:47","2018-03-09 12:23:19"
"ANY","150.1065264168","2.262072808275","2018-03-09 12:00:47","1352","38.496243","160.488464","33.33820724487305","80.7771","CLEAR1L","F435W","4329.1875","ACS WFC1 F435W MJD#58186.5006","3.1516623e-19","-21.1","298.98666","2018-03-09 12:00:47","2018-03-09 12:23:19"
"ANY","150.1065264168","2.262072808275","2018-03-09 12:25:37","1352","-42.587788","160.473389","31.37412643432617","80.3497","CLEAR1L","F435W","4329.1875","ACS WFC1 F435W MJD#58186.5178","3.1516626e-19","-21.1","298.98666","2018-03-09 12:25:37","2018-03-09 12:48:09"
"ANY","150.1065264168","2.262072808275","2018-03-09 12:25:37","1352","-42.587788","160.473389","31.37412643432617","80.7771","CLEAR1L","F435W","4329.1875","ACS WFC1 F435W MJD#58186.5178","3.1516626e-19","-21.1","298.98666","2018-03-09 12:25:37","2018-03-09 12:48:09"
"ANY","150.1065264168","2.262072808275","2018-03-09 13:36:10","1352","38.487801","160.430557","33.33780288696289","80.3497","CLEAR1L","F435W","4329.1875","ACS WFC1 F435W MJD#58186.5668","3.1516628e-19","-21.1","298.98666","2018-03-09 13:36:10","2018-03-09 13:58:42"
"ANY","150.1065264168","2.262072808275","2018-03-09 13:36:10","1352","38.487801","160.430557","33.33780288696289","80.7771","CLEAR1L","F435W","4329.1875","ACS WFC1 F435W MJD#58186.5668","3.1516628e-19","-21.1","298.98666","2018-03-09 13:36:10","2018-03-09 13:58:42"
"ANY","150.1065264168","2.262072808275","2018-03-09 14:01:00","1352","-42.669918","160.415466","31.25332260131836","80.3497","CLEAR1L","F435W","4329.1875","ACS WFC1 F435W MJD#58186.5840","3.1516628e-19","-21.1","298.98666","2018-03-09 14:01:00","2018-03-09 14:23:32"
"ANY","150.1065264168","2.262072808275","2018-03-09 14:01:00","1352","-42.669918","160.415466","31.25332260131836","80.7771","CLEAR1L","F435W","4329.1875","ACS WFC1 F435W MJD#58186.5840","3.1516628e-19","-21.1","298.98666","2018-03-09 14:01:00","2018-03-09 14:23:32"
"ANY","150.1065264168","2.262072808275","2018-03-09 15:11:32","1352","38.537319","160.372345","33.23258972167969","80.3497","CLEAR1L","F435W","4329.1875","ACS WFC1 F435W MJD#58186.6330","3.1516631e-19","-21.1","298.98666","2018-03-09 15:11:32","2018-03-09 15:34:04"
"ANY","150.1065264168","2.262072808275","2018-03-09 15:11:32","1352","38.537319","160.372345","33.23258972167969","80.7771","CLEAR1L","F435W","4329.1875","ACS WFC1 F435W MJD#58186.6330","3.1516631e-19","-21.1","298.98666","2018-03-09 15:11:32","2018-03-09 15:34:04"
"ANY","150.1065264168","2.262072808275","2018-03-09 15:36:22","1352","-42.721664","160.357239","31.24188613891601","80.3497","CLEAR1L","F435W","4329.1875","ACS WFC1 F435W MJD#58186.6503","3.1516631e-19","-21.1","298.98666","2018-03-09 15:36:22","2018-03-09 15:58:54"
"ANY","150.1065264168","2.262072808275","2018-03-09 15:36:22","1352","-42.721664","160.357239","31.24188613891601","80.7771","CLEAR1L","F435W","4329.1875","ACS WFC1 F435W MJD#58186.6503","3.1516631e-19","-21.1","298.98666","2018-03-09 15:36:22","2018-03-09 15:58:54"
"ANY","150.1065264168","2.262072808275","2018-03-09 10:28:38","1255","31.95822","160.544983","30.16630554199219","80.3497","CLEAR1L","F435W","4329.1875","ACS WFC1 F435W MJD#58186.4366","3.1516619999999996e-19","-21.1","298.98666","2018-03-09 10:28:38","2018-03-09 10:49:33"
"ANY","150.1065264168","2.262072808275","2018-03-09 10:28:38","1255","31.95822","160.544983","30.16630554199219","80.7771","CLEAR1L","F435W","4329.1875","ACS WFC1 F435W MJD#58186.4366","3.1516619999999996e-19","-21.1","298.98666","2018-03-09 10:28:38","2018-03-09 10:49:33"
"ANY","150.1065264168","2.262072808275","2018-03-09 10:51:51","1255","-45.026539","160.53009","29.27493286132813","80.3497","CLEAR1L","F435W","4329.1875","ACS WFC1 F435W MJD#58186.4527","3.1516619999999996e-19","-21.1","298.98666","2018-03-09 10:51:51","2018-03-09 11:12:46"
"ANY","150.1065264168","2.262072808275","2018-03-09 10:51:51","1255","-45.026539","160.53009","29.27493286132813","80.7771","CLEAR1L","F435W","4329.1875","ACS WFC1 F435W MJD#58186.4527","3.1516619999999996e-19","-21.1","298.98666","2018-03-09 10:51:51","2018-03-09 11:12:46"
"ANY","150.10673803","2.262186928942","2018-03-09 12:00:47","1352","38.496243","160.488464","33.33820724487305","80.3497","CLEAR1L","F435W","4329.1875","ACS WFC1 F435W MJD#58186.5006","3.1516623e-19","-21.1","298.98666","2018-03-09 12:00:47","2018-03-09 12:23:19"
"ANY","150.10673803","2.262186928942","2018-03-09 12:00:47","1352","38.496243","160.488464","33.33820724487305","80.7771","CLEAR1L","F435W","4329.1875","ACS WFC1 F435W MJD#58186.5006","3.1516623e-19","-21.1","298.98666","2018-03-09 12:00:47","2018-03-09 12:23:19"
"ANY","150.10673803","2.262186928942","2018-03-09 12:25:37","1352","-42.587788","160.473389","31.37412643432617","80.3497","CLEAR1L","F435W","4329.1875","ACS WFC1 F435W MJD#58186.5178","3.1516626e-19","-21.1","298.98666","2018-03-09 12:25:37","2018-03-09 12:48:09"
"ANY","150.10673803","2.262186928942","2018-03-09 12:25:37","1352","-42.587788","160.473389","31.37412643432617","80.7771","CLEAR1L","F435W","4329.1875","ACS WFC1 F435W MJD#58186.5178","3.1516626e-19","-21.1","298.98666","2018-03-09 12:25:37","2018-03-09 12:48:09"
"ANY","150.1067916336","2.262040885657","2018-03-09 13:36:10","1352","38.487801","160.430557","33.33780288696289","80.3497","CLEAR1L","F435W","4329.1875","ACS WFC1 F435W MJD#58186.5668","3.1516628e-19","-21.1","298.98666","2018-03-09 13:36:10","2018-03-09 13:58:42"
"ANY","150.1067916336","2.262040885657","2018-03-09 13:36:10","1352","38.487801","160.430557","33.33780288696289","80.7771","CLEAR1L","F435W","4329.1875","ACS WFC1 F435W MJD#58186.5668","3.1516628e-19","-21.1","298.98666","2018-03-09 13:36:10","2018-03-09 13:58:42"
"ANY","150.1067916336","2.262040885657","2018-03-09 14:01:00","1352","-42.669918","160.415466","31.25332260131836","80.3497","CLEAR1L","F435W","4329.1875","ACS WFC1 F435W MJD#58186.5840","3.1516628e-19","-21.1","298.98666","2018-03-09 14:01:00","2018-03-09 14:23:32"
"ANY","150.1067916336","2.262040885657","2018-03-09 14:01:00","1352","-42.669918","160.415466","31.25332260131836","80.7771","CLEAR1L","F435W","4329.1875","ACS WFC1 F435W MJD#58186.5840","3.1516628e-19","-21.1","298.98666","2018-03-09 14:01:00","2018-03-09 14:23:32"
"ANY","150.1065800221","2.261926767195","2018-03-09 15:11:32","1352","38.537319","160.372345","33.23258972167969","80.3497","CLEAR1L","F435W","4329.1875","ACS WFC1 F435W MJD#58186.6330","3.1516631e-19","-21.1","298.98666","2018-03-09 15:11:32","2018-03-09 15:34:04"
"ANY","150.1065800221","2.261926767195","2018-03-09 15:11:32","1352","38.537319","160.372345","33.23258972167969","80.7771","CLEAR1L","F435W","4329.1875","ACS WFC1 F435W MJD#58186.6330","3.1516631e-19","-21.1","298.98666","2018-03-09 15:11:32","2018-03-09 15:34:04"
"ANY","150.1065800221","2.261926767195","2018-03-09 15:36:22","1352","-42.721664","160.357239","31.24188613891601","80.3497","CLEAR1L","F435W","4329.1875","ACS WFC1 F435W MJD#58186.6503","3.1516631e-19","-21.1","298.98666","2018-03-09 15:36:22","2018-03-09 15:58:54"
"ANY","150.1065800221","2.261926767195","2018-03-09 15:36:22","1352","-42.721664","160.357239","31.24188613891601","80.7771","CLEAR1L","F435W","4329.1875","ACS WFC1 F435W MJD#58186.6503","3.1516631e-19","-21.1","298.98666","2018-03-09 15:36:22","2018-03-09 15:58:54"
"ANY","150.106849653","2.261911884237","2018-03-09 16:46:54","1352","38.586422","160.314575","33.49253082275391","80.3497","CLEAR1L","F435W","4329.1875","ACS WFC1 F435W MJD#58186.6992","3.1516633e-19","-21.1","298.98666","2018-03-09 16:46:54","2018-03-09 17:09:26"
"ANY","150.106849653","2.261911884237","2018-03-09 16:46:54","1352","38.586422","160.314575","33.49253082275391","80.7771","CLEAR1L","F435W","4329.1875","ACS WFC1 F435W MJD#58186.6992","3.1516633e-19","-21.1","298.98666","2018-03-09 16:46:54","2018-03-09 17:09:26"
"ANY","150.106849653","2.261911884237","2018-03-09 17:11:44","1352","-42.77507","160.299469","31.13753509521484","80.3497","CLEAR1L","F435W","4329.1875","ACS WFC1 F435W MJD#58186.7165","3.1516636e-19","-21.1","298.98666","2018-03-09 17:11:44","2018-03-09 17:34:16"
"ANY","150.106849653","2.261911884237","2018-03-09 17:11:44","1352","-42.77507","160.299469","31.13753509521484","80.7771","CLEAR1L","F435W","4329.1875","ACS WFC1 F435W MJD#58186.7165","3.1516636e-19","-21.1","298.98666","2018-03-09 17:11:44","2018-03-09 17:34:16"
"ANY","150.104747967","2.262433113781","2018-03-10 11:54:32","1255","32.523903","159.611465","30.12910270690918","80.3497","CLEAR1L","F435W","4329.1875","ACS WFC1 F435W MJD#58187.4962","3.1516677e-19","-21.1","298.98666","2018-03-10 11:54:32","2018-03-10 12:15:27"
"ANY","150.104747967","2.262433113781","2018-03-10 11:54:32","1255","32.523903","159.611465","30.12910270690918","80.777","CLEAR1L","F435W","4329.1875","ACS WFC1 F435W MJD#58187.4962","3.1516677e-19","-21.1","298.98666","2018-03-10 11:54:32","2018-03-10 12:15:27"
"ANY","150.104747967","2.262433113781","2018-03-10 12:17:45","1255","-46.342056","159.596359","29.04943466186524","80.3497","CLEAR1L","F435W","4329.1875","ACS WFC1 F435W MJD#58187.5123","3.1516677e-19","-21.1","298.98666","2018-03-10 12:17:45","2018-03-10 12:38:40"
"ANY","150.104747967","2.262433113781","2018-03-10 12:17:45","1255","-46.342056","159.596359","29.04943466186524","80.777","CLEAR1L","F435W","4329.1875","ACS WFC1 F435W MJD#58187.5123","3.1516677e-19","-21.1","298.98666","2018-03-10 12:17:45","2018-03-10 12:38:40"
"ANY","150.104747967","2.262433113781","2018-03-10 13:26:41","1352","39.12233","159.554199","33.22798538208008","80.3497","CLEAR1L","F435W","4329.1875","ACS WFC1 F435W MJD#58187.5602","3.151668e-19","-21.1","298.98666","2018-03-10 13:26:41","2018-03-10 13:49:13"
"ANY","150.104747967","2.262433113781","2018-03-10 13:26:41","1352","39.12233","159.554199","33.22798538208008","80.777","CLEAR1L","F435W","4329.1875","ACS WFC1 F435W MJD#58187.5602","3.151668e-19","-21.1","298.98666","2018-03-10 13:26:41","2018-03-10 13:49:13"
"ANY","150.104747967","2.262433113781","2018-03-10 13:51:31","1352","-43.650105","159.53894","31.12954330444336","80.3497","CLEAR1L","F435W","4329.1875","ACS WFC1 F435W MJD#58187.5775","3.151668e-19","-21.1","298.98666","2018-03-10 13:51:31","2018-03-10 14:14:03"
"ANY","150.104747967","2.262433113781","2018-03-10 13:51:31","1352","-43.650105","159.53894","31.12954330444336","80.777","CLEAR1L","F435W","4329.1875","ACS WFC1 F435W MJD#58187.5775","3.151668e-19","-21.1","298.98666","2018-03-10 13:51:31","2018-03-10 14:14:03"
"ANY","150.104747967","2.262433113781","2018-03-10 15:02:03","1352","39.164268","159.49559","33.21849060058594","80.3497","CLEAR1L","F435W","4329.1875","ACS WFC1 F435W MJD#58187.6264","3.1516683e-19","-21.1","298.98666","2018-03-10 15:02:03","2018-03-10 15:24:35"
"ANY","150.104747967","2.262433113781","2018-03-10 15:02:03","1352","39.164268","159.49559","33.21849060058594","80.777","CLEAR1L","F435W","4329.1875","ACS WFC1 F435W MJD#58187.6264","3.1516683e-19","-21.1","298.98666","2018-03-10 15:02:03","2018-03-10 15:24:35"
"ANY","150.104747967","2.262433113781","2018-03-10 15:26:53","1352","-43.72567","159.480301","31.08337783813477","80.3497","CLEAR1L","F435W","4329.1875","ACS WFC1 F435W MJD#58187.6437","3.1516685e-19","-21.1","298.98666","2018-03-10 15:26:53","2018-03-10 15:49:25"
"ANY","150.104747967","2.262433113781","2018-03-10 15:26:53","1352","-43.72567","159.480301","31.08337783813477","80.777","CLEAR1L","F435W","4329.1875","ACS WFC1 F435W MJD#58187.6437","3.1516685e-19","-21.1","298.98666","2018-03-10 15:26:53","2018-03-10 15:49:25"
"ANY","150.104747967","2.262433113781","2018-03-10 16:37:25","1352","39.205612","159.436676","33.23697280883789","80.3497","CLEAR1L","F435W","4329.1875","ACS WFC1 F435W MJD#58187.6927","3.1516688e-19","-21.1","298.98666","2018-03-10 16:37:25","2018-03-10 16:59:57"
"ANY","150.104747967","2.262433113781","2018-03-10 16:37:25","1352","39.205612","159.436676","33.23697280883789","80.777","CLEAR1L","F435W","4329.1875","ACS WFC1 F435W MJD#58187.6927","3.1516688e-19","-21.1","298.98666","2018-03-10 16:37:25","2018-03-10 16:59:57"
"ANY","150.104747967","2.262433113781","2018-03-10 17:02:15","1352","-43.802704","159.421371","31.05921363830566","80.3497","CLEAR1L","F435W","4329.1875","ACS WFC1 F435W MJD#58187.7099","3.1516688e-19","-21.1","298.98666","2018-03-10 17:02:15","2018-03-10 17:24:47"
"ANY","150.104747967","2.262433113781","2018-03-10 17:02:15","1352","-43.802704","159.421371","31.05921363830566","80.777","CLEAR1L","F435W","4329.1875","ACS WFC1 F435W MJD#58187.7099","3.1516688e-19","-21.1","298.98666","2018-03-10 17:02:15","2018-03-10 17:24:47"
"ANY","150.104747967","2.262433113781","2018-03-10 11:54:32","1255","32.523903","159.611465","30.12910270690918","80.3497","CLEAR1L","F435W","4329.1875","ACS WFC1 F435W MJD#58187.4962","3.1516677e-19","-21.1","298.98666","2018-03-10 11:54:32","2018-03-10 12:15:27"
"ANY","150.104747967","2.262433113781","2018-03-10 11:54:32","1255","32.523903","159.611465","30.12910270690918","80.777","CLEAR1L","F435W","4329.1875","ACS WFC1 F435W MJD#58187.4962","3.1516677e-19","-21.1","298.98666","2018-03-10 11:54:32","2018-03-10 12:15:27"
"ANY","150.104747967","2.262433113781","2018-03-10 12:17:45","1255","-46.342056","159.596359","29.04943466186524","80.3497","CLEAR1L","F435W","4329.1875","ACS WFC1 F435W MJD#58187.5123","3.1516677e-19","-21.1","298.98666","2018-03-10 12:17:45","2018-03-10 12:38:40"
"ANY","150.104747967","2.262433113781","2018-03-10 12:17:45","1255","-46.342056","159.596359","29.04943466186524","80.777","CLEAR1L","F435W","4329.1875","ACS WFC1 F435W MJD#58187.5123","3.1516677e-19","-21.1","298.98666","2018-03-10 12:17:45","2018-03-10 12:38:40"
"ANY","150.1049595801","2.262547234707","2018-03-10 13:26:41","1352","39.12233","159.554199","33.22798538208008","80.3497","CLEAR1L","F435W","4329.1875","ACS WFC1 F435W MJD#58187.5602","3.151668e-19","-21.1","298.98666","2018-03-10 13:26:41","2018-03-10 13:49:13"
"ANY","150.1049595801","2.262547234707","2018-03-10 13:26:41","1352","39.12233","159.554199","33.22798538208008","80.777","CLEAR1L","F435W","4329.1875","ACS WFC1 F435W MJD#58187.5602","3.151668e-19","-21.1","298.98666","2018-03-10 13:26:41","2018-03-10 13:49:13"
"ANY","150.1049595801","2.262547234707","2018-03-10 13:51:31","1352","-43.650105","159.53894","31.12954330444336","80.3497","CLEAR1L","F435W","4329.1875","ACS WFC1 F435W MJD#58187.5775","3.151668e-19","-21.1","298.98666","2018-03-10 13:51:31","2018-03-10 14:14:03"
"ANY","150.1049595801","2.262547234707","2018-03-10 13:51:31","1352","-43.650105","159.53894","31.12954330444336","80.777","CLEAR1L","F435W","4329.1875","ACS WFC1 F435W MJD#58187.5775","3.151668e-19","-21.1","298.98666","2018-03-10 13:51:31","2018-03-10 14:14:03"
"ANY","150.1050131839","2.262401191488","2018-03-10 15:02:03","1352","39.164268","159.49559","33.21849060058594","80.3497","CLEAR1L","F435W","4329.1875","ACS WFC1 F435W MJD#58187.6264","3.1516683e-19","-21.1","298.98666","2018-03-10 15:02:03","2018-03-10 15:24:35"
"ANY","150.1050131839","2.262401191488","2018-03-10 15:02:03","1352","39.164268","159.49559","33.21849060058594","80.777","CLEAR1L","F435W","4329.1875","ACS WFC1 F435W MJD#58187.6264","3.1516683e-19","-21.1","298.98666","2018-03-10 15:02:03","2018-03-10 15:24:35"
"ANY","150.1050131839","2.262401191488","2018-03-10 15:26:53","1352","-43.72567","159.480301","31.08337783813477","80.3497","CLEAR1L","F435W","4329.1875","ACS WFC1 F435W MJD#58187.6437","3.1516685e-19","-21.1","298.98666","2018-03-10 15:26:53","2018-03-10 15:49:25"
"ANY","150.1050131839","2.262401191488","2018-03-10 15:26:53","1352","-43.72567","159.480301","31.08337783813477","80.777","CLEAR1L","F435W","4329.1875","ACS WFC1 F435W MJD#58187.6437","3.1516685e-19","-21.1","298.98666","2018-03-10 15:26:53","2018-03-10 15:49:25"
"ANY","150.1048015726","2.262287072766","2018-03-10 16:37:25","1352","39.205612","159.436676","33.23697280883789","80.3497","CLEAR1L","F435W","4329.1875","ACS WFC1 F435W MJD#58187.6927","3.1516688e-19","-21.1","298.98666","2018-03-10 16:37:25","2018-03-10 16:59:57"
"ANY","150.1048015726","2.262287072766","2018-03-10 16:37:25","1352","39.205612","159.436676","33.23697280883789","80.777","CLEAR1L","F435W","4329.1875","ACS WFC1 F435W MJD#58187.6927","3.1516688e-19","-21.1","298.98666","2018-03-10 16:37:25","2018-03-10 16:59:57"
"ANY","150.1048015726","2.262287072766","2018-03-10 17:02:15","1352","-43.802704","159.421371","31.05921363830566","80.3497","CLEAR1L","F435W","4329.1875","ACS WFC1 F435W MJD#58187.7099","3.1516688e-19","-21.1","298.98666","2018-03-10 17:02:15","2018-03-10 17:24:47"
"ANY","150.1048015726","2.262287072766","2018-03-10 17:02:15","1352","-43.802704","159.421371","31.05921363830566","80.777","CLEAR1L","F435W","4329.1875","ACS WFC1 F435W MJD#58187.7099","3.1516688e-19","-21.1","298.98666","2018-03-10 17:02:15","2018-03-10 17:24:47"
"ANY","150.1050592923","2.26227859795","2018-03-10 18:12:47","1352","39.246346","159.378174","33.322998046875","80.3497","CLEAR1L","F435W","4329.1875","ACS WFC1 F435W MJD#58187.7589","3.1516689999999997e-19","-21.1","298.98666","2018-03-10 18:12:47","2018-03-10 18:35:19"
"ANY","150.1050592923","2.26227859795","2018-03-10 18:12:47","1352","39.246346","159.378174","33.322998046875","80.777","CLEAR1L","F435W","4329.1875","ACS WFC1 F435W MJD#58187.7589","3.1516689999999997e-19","-21.1","298.98666","2018-03-10 18:12:47","2018-03-10 18:35:19"
"ANY","150.1050592923","2.26227859795","2018-03-10 18:37:37","1352","-43.881184","159.362869","31.03234672546387","80.3497","CLEAR1L","F435W","4329.1875","ACS WFC1 F435W MJD#58187.7761","3.1516689999999997e-19","-21.1","298.98666","2018-03-10 18:37:37","2018-03-10 19:00:09"
"ANY","150.1050592923","2.26227859795","2018-03-10 18:37:37","1352","-43.881184","159.362869","31.03234672546387","80.777","CLEAR1L","F435W","4329.1875","ACS WFC1 F435W MJD#58187.7761","3.1516689999999997e-19","-21.1","298.98666","2018-03-10 18:37:37","2018-03-10 19:00:09"